{
  "_comment": "Calibration values for HANK-SAM model. Generated by HA-Fiscal-HANK-SAM.py",
  "_generated_from": "HA-Fiscal-HANK-SAM.py baseline run",
  
  "labor_market": {
    "job_find": 0.6666666666666666,
    "EU_prob": 0.0306834,
    "job_sep": 0.0920502,
    "N_ss": 0.9693166,
    "U_ss": 0.0306834,
    "ss_dstn": [0.9693166, 0.009398513333333334, 0.006265675555555556, 0.004177117037037037, 0.002784744691358025, 0.007357903382716048]
  },
  
  "matching": {
    "alpha": 0.65,
    "phi_ss": 0.71,
    "v_ss": 0.12565887605633803,
    "theta_ss": 3.979550269722814,
    "chi_ss": 0.5765720047498164,
    "eta_ss": 0.6666666666666666
  },
  
  "household": {
    "R": 1.01,
    "r_ss": 0.01,
    "C_ss": 0.6910496136078721,
    "A_ss": 1.4324029855872642
  },
  
  "bonds": {
    "delta": 0.9748580035224008,
    "qb_ss": 28.427096517412387,
    "B_ss": 0.05039414667498678
  },
  
  "wages_taxes": {
    "wage_ss": 1.0,
    "tau_ss": 0.3,
    "inc_ui_exhaust": 0.5,
    "UI": 0.35
  },
  
  "government": {
    "G_ss": 0.2557823116413946,
    "Y_priv": 0.007679168617283951
  },
  
  "firms": {
    "kappa": 0.0497,
    "HC_ss": 1.0693312676056338,
    "epsilon_p": 6,
    "MC_ss": 0.8333333333333334,
    "Z_ss": 1.2831975211267606,
    "Y_ss": 1.2438239889773427
  },
  
  "inflation": {
    "pi_ss": 0.0,
    "varphi": 96.9,
    "kappa_p_ss": 0.06191950464396284
  },
  
  "policy_defaults": {
    "phi_pi": 1.5,
    "phi_y": 0.0,
    "rho_r": 0.0,
    "phi_b": 0.015,
    "phi_w": 1.0,
    "real_wage_rigidity": 0.837
  },
  
  "fiscal_experiments": {
    "UI_extension_length": 4,
    "stimulus_check_length": 1,
    "tax_cut_length": 8
  },
  
  "computation": {
    "bigT": 300
  }
}
